{
  "name": "mindmap-view",
  "author": "yiru",
  "url": "https://github.com/siyuan-note/plugin-sample-vite-svelte",
  "version": "0.1",
  "minAppVersion": "2.9.0",
  "backends": ["all"],
  "frontends": ["all"],
  "displayName": {
    "en_US": "Plugin sample with vite and svelte",
    "zh_CN": "插件样例 vite + svelte 版"
  },
  "description": {
    "en_US": "SiYuan plugin sample with vite and svelte",
    "zh_CN": "使用 vite 和 svelte 开发的思源插件样例"
  },
  "readme": {
    "en_US": "README.md",
    "zh_CN": "README_zh_CN.md"
  },
  "funding": {
    "custom": [
      "https://afdian.net/a/frostime"
    ]
  }
}
