[{"group":"工具栏","label":"顶部工具栏整体","value":".toolbar","subgroup":"顶部工具栏"},{"group":"工具栏","label":"顶部工具栏项目","value":".toolbar__item","subgroup":"顶部工具栏"},{"group":"工具栏","label":"最小化窗口图标(网页版不可见)","value":"#minWindow svg","subgroup":"顶部工具栏"},{"label":"还原窗口图标(网页版不可见)","value":"#restoreWindow svg","group":"工具栏","subgroup":"顶部工具栏"},{"label":"最大化窗口图标","value":"#maxWindow svg","group":"工具栏","subgroup":"顶部工具栏"},{"label":"关闭窗口图标","value":"#closeWindow svg","group":"工具栏","subgroup":"顶部工具栏"},{"label":"顶栏图标鼠标悬停样式","value":".toolbar__item:not(#closeWindow):hover","group":"工具栏","subgroup":"顶部工具栏"},{"label":"弹出式菜单整体","value":".b3-menu","group":"菜单","subgroup":"弹出式菜单"},{"label":"弹出式菜单当前条目","value":".b3-menu__item:hover:not(.b3-menu__item--readonly):not(.b3-menu__item--custom),.b3-menu__item--current","group":"菜单","subgroup":"弹出式菜单"},{"label":"弹出式菜单分割线","value":".b3-menu__separator","group":"菜单","subgroup":"弹出式菜单"},{"label":"弹出式对话框（属性面板）容器","value":".b3-dialog__container","group":"对话框","subgroup":"弹出式对话框"},{"label":"停靠栏","value":".dock","group":"边栏","subgroup":"停靠栏"},{"label":"当前面板条目","value":".dock__item--active","group":"边栏","subgroup":"停靠栏"},{"label":"文档标题","value":".protyle-title__input","group":"编辑区","subgroup":"文档元素"},{"label":"框选矩形颜色","value":"::selection","group":"编辑区","subgroup":"功能元素"},{"label":"选中块样式","value":".protyle-wysiwyg,.protyle-wysiwyg--select","group":"编辑区","subgroup":"功能元素"},{"label":"滚动条样式","value":"::-webkit-scrollbar","group":"通用界面元素","subgroup":"滚动条"},{"label":"纵向超级块","value":".protyle-wysiwyg [data-node-id].sb[data-sb-layout='col']","group":"编辑区","subgroup":"文档元素"},{"label":"横向超级块","value":".protyle-wysiwyg [data-node-id].sb[data-sb-layout='row']","group":"编辑区","subgroup":"文档元素"},{"label":"块标图标","value":".protyle-gutters svg","group":"编辑区","subgroup":"功能元素"},{"label":"块标按钮","value":".protyle-gutters button","group":"编辑区","subgroup":"功能元素"},{"label":"块标鼠标悬停样式","value":".protyle-gutters button:hover","group":"编辑区","subgroup":"功能元素"},{"label":"编辑区一级标题","value":".protyle-wysiwyg .h1","group":"编辑区文档元素","subgroup":"标题"},{"label":"编辑区二级标题","value":".protyle-wysiwyg .h2","group":"编辑区文档元素","subgroup":"标题"},{"label":"三级标题","value":".protyle-wysiwyg .h3","group":"编辑区文档元素","subgroup":"标题"},{"label":"四级标题","value":".protyle-wysiwyg .h4","group":"编辑区文档元素","subgroup":"标题"},{"label":"五级标题","value":".protyle-wysiwyg .h5","group":"编辑区文档元素","subgroup":"标题"},{"label":"六级标题","value":".protyle-wysiwyg .h6","group":"编辑区文档元素","subgroup":"标题"},{"label":"图片","value":".protyle-wysiwyg img","group":"编辑区文档元素","subgroup":"图片"},{"label":"图片缩放抓手","value":".protyle-wysiwyg [data-node-id] .img .protyle-action__drag","group":"编辑区文档元素","subgroup":"图片"},{"label":"工具条整体","value":".protyle-toolbar","group":"编辑区功能元素","subgroup":"弹出式工具条"},{"label":"弹出式工具条项目图标","value":".protyle-toolbar__item svg","group":"编辑区功能元素","subgroup":"弹出式工具条"},{"label":"弹出式工具条项目","value":".protyle-toolbar__item","group":"编辑区功能元素","subgroup":"弹出式工具条"},{"label":"弹出式工具条块引项（最左侧）","value":".protyle-toolbar__item[data-type='blockRef']","group":"编辑区功能元素","subgroup":"弹出式工具条"},{"label":"弹出式工具条字体样式项（最右侧）","value":".protyle-toolbar__item[data-type='font']","group":"编辑区功能元素","subgroup":"弹出式工具条"},{"label":"弹出式工具条鼠标悬浮样式","value":".protyle-toolbar__item:hover","group":"编辑区功能元素","subgroup":"弹出式工具条"},{"label":"弹出式工具条分割线","value":".protyle-toolbar__divider","group":"编辑区功能元素","subgroup":"弹出式工具条"},{"label":"弹出式工具条字体颜色选择器","value":".b3-color__square[data-type='color']","group":"编辑区功能元素","subgroup":"弹出式工具条"},{"label":"弹出式工具条背景颜色选择器","value":".b3-color__square[data-type='backgroundColor']","group":"编辑区功能元素","subgroup":"弹出式工具条"},{"label":"弹出式工具条选色器:鼠标悬停","value":".b3-color__square:hover","group":"编辑区功能元素","subgroup":"弹出式工具条"},{"label":"任务列表已完成条目","value":".protyle-task--done","group":"编辑区文档元素","subgroup":"任务列表"},{"label":"任务栏完成图标","value":".protyle-task--done svg","group":"编辑区文档元素","subgroup":"任务列表"},{"label":"引述块","value":".protyle-wysiwyg .bq","group":"编辑区文档元素","subgroup":"引述块"},{"label":"表格块","value":".protyle-wysiwyg table","group":"编辑区文档元素","subgroup":"表格块"},{"label":"二级菜单","value":"b3-menu__submenu","group":"菜单","subgroup":"二级菜单"},{"label":"菜单文字描述","value":".b3-menu__item--readonly","group":"菜单","subgroup":"菜单文字描述"}]